,곡명,아티스트,앨범,좋아요수
1,바람의 노래,조용필,조용필 16집,"26,576"
2,꿈,조용필,The Dreams,"16,275"
3,Bounce,조용필,Hello,"40,021"
4,HOT 잊혀진 사랑,조용필,30주년 기념 음반 Part 1,"2,414"
5,HOT 단발머리,조용필,조용필 1집 (Remastered),"11,088"
6,그 겨울의 찻집,조용필,조용필 40주년 기념 콘서트 - The History 킬리만자로의 표범,"6,180"
7,HOT 이젠 그랬으면 좋겠네,조용필,90-Vol.1 Sailng Sound,"20,837"
8,모나리자,조용필,'88 조용필 10집,"6,894"
9,기다리는 아픔,조용필,Ambition,"4,837"
10,HOT 창밖의 여자,조용필,조용필 1집 (Remastered),"3,579"
11,HOT 고추잠자리,조용필,30주년 기념음반 Part 2,"4,069"
12,그대 발길 머무는 곳에,조용필,사랑과 인생과 나,"3,408"
13,HOT 킬리만자로의 표범,조용필,조용필 8집 (Remastered),"7,841"
14,HOT 상처,조용필,30주년 기념 음반 Part 1,"1,730"
15,돌아와요 부산항에,조용필,조용필 1집 (Remastered),"2,656"
16,여행을 떠나요,조용필,조용필 7집,"10,336"
17,친구여,조용필,조용필 5집,"2,063"
18,이젠 그랬으면 좋겠네 (원곡가수 조용필),박정현,나는 가수다 명곡 Best 10,"14,022"
19,허공,조용필,조용필 8집 (Remastered),"3,550"
20,HOT 여행을 떠나요,조용필,30주년 기념음반 Part 3,327
21,그 겨울의 찻집,조용필,조용필 8집 (Remastered),"3,634"
22,바람이 전하는 말,조용필,조용필 8집 (Remastered),"1,365"
23,모나리자 (원곡가수 조용필),국카스텐,'나는 가수다 2' 2012 가왕전 7강전,"8,225"
24,들꽃,조용필,조용필 7집,668
25,걷고 싶다,조용필,Hello,"18,875"
26,Q,조용필,조용필 제10집 Part.Ⅱ,"2,902"
27,HOT 어제 오늘 그리고,조용필,30주년 기념음반 Part 2,"2,313"
28,기다리는 아픔,유상록,유상록의 Remake 조용필 Best 1,163
29,봄날은 간다,조용필,조용필 옛노래,681
30,HOT 일편단심 민들레야,조용필,30주년 기념음반 Part 2,"1,272"
31,타타타,권윤경,"짚시 로망스 카페노래 1, 2 (조용필 & 나훈아 힛트곡편)",36
32,내 이름은 구름이여,조용필,조용필,"1,079"
33,HOT 돌아와요 부산항에,조용필,30주년 기념 음반 Part 1,562
34,서울 서울 서울,조용필,'88 조용필 10집,"2,271"
35,바람의 노래,조용필,조용필 40주년 기념 콘서트 - The History 킬리만자로의 표범,"1,671"
36,강원도 아리랑,조용필,조용필 3집,679
37,고추잠자리,조용필,조용필 3집,"1,809"
38,HOT 비련,조용필,조용필 4집,"1,995"
39,HOT 한오백년,조용필,조용필 1집 (Remastered),"1,217"
40,HOT 물망초,조용필,조용필 3집,738
41,HOT 애상,조용필,조용필 16집,355
42,HOT 세월,조용필,조용필 2집,345
43,그래도 돼,조용필,20,"6,944"
44,기다리는 아픔,조용필,조용필 40주년 기념 콘서트 - The History 킬리만자로의 표범,747
45,추억 속의 재회,조용필,조용필 BEST 1집,926
46,꿈 (2024 Remastered Ver.),조용필,웰컴투 삼달리 X 조용필 (2024 Remastering),"1,088"
47,사랑은 아직도 끝나지 않았네,조용필,조용필 1집 (Remastered),751
48,못찾겠다 꾀꼬리,조용필,조용필 4집,"2,172"
49,잊혀진 사랑,조용필,조용필 1집 (Remastered),684
50,HOT 걷고 싶다,조용필,45TH ANNIVERSARY CONCERT HELLO,"1,540"
51,바람의 노래,조용필,조용필 16집,"26,576"
52,꿈,조용필,The Dreams,"16,275"
53,Bounce,조용필,Hello,"40,021"
54,HOT 잊혀진 사랑,조용필,30주년 기념 음반 Part 1,"2,414"
55,HOT 단발머리,조용필,조용필 1집 (Remastered),"11,088"
56,그 겨울의 찻집,조용필,조용필 40주년 기념 콘서트 - The History 킬리만자로의 표범,"6,180"
57,HOT 이젠 그랬으면 좋겠네,조용필,90-Vol.1 Sailng Sound,"20,837"
58,모나리자,조용필,'88 조용필 10집,"6,894"
59,기다리는 아픔,조용필,Ambition,"4,837"
60,HOT 창밖의 여자,조용필,조용필 1집 (Remastered),"3,579"
61,HOT 고추잠자리,조용필,30주년 기념음반 Part 2,"4,069"
62,그대 발길 머무는 곳에,조용필,사랑과 인생과 나,"3,408"
63,HOT 킬리만자로의 표범,조용필,조용필 8집 (Remastered),"7,841"
64,HOT 상처,조용필,30주년 기념 음반 Part 1,"1,730"
65,돌아와요 부산항에,조용필,조용필 1집 (Remastered),"2,656"
66,여행을 떠나요,조용필,조용필 7집,"10,336"
67,친구여,조용필,조용필 5집,"2,063"
68,이젠 그랬으면 좋겠네 (원곡가수 조용필),박정현,나는 가수다 명곡 Best 10,"14,022"
69,허공,조용필,조용필 8집 (Remastered),"3,550"
70,HOT 여행을 떠나요,조용필,30주년 기념음반 Part 3,327
71,그 겨울의 찻집,조용필,조용필 8집 (Remastered),"3,634"
72,바람이 전하는 말,조용필,조용필 8집 (Remastered),"1,365"
73,모나리자 (원곡가수 조용필),국카스텐,'나는 가수다 2' 2012 가왕전 7강전,"8,225"
74,들꽃,조용필,조용필 7집,668
75,걷고 싶다,조용필,Hello,"18,875"
76,Q,조용필,조용필 제10집 Part.Ⅱ,"2,902"
77,HOT 어제 오늘 그리고,조용필,30주년 기념음반 Part 2,"2,313"
78,기다리는 아픔,유상록,유상록의 Remake 조용필 Best 1,163
79,봄날은 간다,조용필,조용필 옛노래,681
80,HOT 일편단심 민들레야,조용필,30주년 기념음반 Part 2,"1,272"
81,타타타,권윤경,"짚시 로망스 카페노래 1, 2 (조용필 & 나훈아 힛트곡편)",36
82,내 이름은 구름이여,조용필,조용필,"1,079"
83,HOT 돌아와요 부산항에,조용필,30주년 기념 음반 Part 1,562
84,서울 서울 서울,조용필,'88 조용필 10집,"2,271"
85,바람의 노래,조용필,조용필 40주년 기념 콘서트 - The History 킬리만자로의 표범,"1,671"
86,강원도 아리랑,조용필,조용필 3집,679
87,고추잠자리,조용필,조용필 3집,"1,809"
88,HOT 비련,조용필,조용필 4집,"1,995"
89,HOT 한오백년,조용필,조용필 1집 (Remastered),"1,217"
90,HOT 물망초,조용필,조용필 3집,738
91,HOT 애상,조용필,조용필 16집,355
92,HOT 세월,조용필,조용필 2집,345
93,그래도 돼,조용필,20,"6,944"
94,기다리는 아픔,조용필,조용필 40주년 기념 콘서트 - The History 킬리만자로의 표범,747
95,추억 속의 재회,조용필,조용필 BEST 1집,926
96,꿈 (2024 Remastered Ver.),조용필,웰컴투 삼달리 X 조용필 (2024 Remastering),"1,088"
97,사랑은 아직도 끝나지 않았네,조용필,조용필 1집 (Remastered),751
98,못찾겠다 꾀꼬리,조용필,조용필 4집,"2,172"
99,잊혀진 사랑,조용필,조용필 1집 (Remastered),684
100,HOT 걷고 싶다,조용필,45TH ANNIVERSARY CONCERT HELLO,"1,540"
101,바람의 노래,조용필,조용필 16집,"26,576"
102,꿈,조용필,The Dreams,"16,275"
103,Bounce,조용필,Hello,"40,021"
104,HOT 잊혀진 사랑,조용필,30주년 기념 음반 Part 1,"2,414"
105,HOT 단발머리,조용필,조용필 1집 (Remastered),"11,088"
106,그 겨울의 찻집,조용필,조용필 40주년 기념 콘서트 - The History 킬리만자로의 표범,"6,180"
107,HOT 이젠 그랬으면 좋겠네,조용필,90-Vol.1 Sailng Sound,"20,837"
108,모나리자,조용필,'88 조용필 10집,"6,894"
109,기다리는 아픔,조용필,Ambition,"4,837"
110,HOT 창밖의 여자,조용필,조용필 1집 (Remastered),"3,579"
111,HOT 고추잠자리,조용필,30주년 기념음반 Part 2,"4,069"
112,그대 발길 머무는 곳에,조용필,사랑과 인생과 나,"3,408"
113,HOT 킬리만자로의 표범,조용필,조용필 8집 (Remastered),"7,841"
114,HOT 상처,조용필,30주년 기념 음반 Part 1,"1,730"
115,돌아와요 부산항에,조용필,조용필 1집 (Remastered),"2,656"
116,여행을 떠나요,조용필,조용필 7집,"10,336"
117,친구여,조용필,조용필 5집,"2,063"
118,이젠 그랬으면 좋겠네 (원곡가수 조용필),박정현,나는 가수다 명곡 Best 10,"14,022"
119,허공,조용필,조용필 8집 (Remastered),"3,550"
120,HOT 여행을 떠나요,조용필,30주년 기념음반 Part 3,327
121,그 겨울의 찻집,조용필,조용필 8집 (Remastered),"3,634"
122,바람이 전하는 말,조용필,조용필 8집 (Remastered),"1,365"
123,모나리자 (원곡가수 조용필),국카스텐,'나는 가수다 2' 2012 가왕전 7강전,"8,225"
124,들꽃,조용필,조용필 7집,668
125,걷고 싶다,조용필,Hello,"18,875"
126,Q,조용필,조용필 제10집 Part.Ⅱ,"2,902"
127,HOT 어제 오늘 그리고,조용필,30주년 기념음반 Part 2,"2,313"
128,기다리는 아픔,유상록,유상록의 Remake 조용필 Best 1,163
129,봄날은 간다,조용필,조용필 옛노래,681
130,HOT 일편단심 민들레야,조용필,30주년 기념음반 Part 2,"1,272"
131,타타타,권윤경,"짚시 로망스 카페노래 1, 2 (조용필 & 나훈아 힛트곡편)",36
132,내 이름은 구름이여,조용필,조용필,"1,079"
133,HOT 돌아와요 부산항에,조용필,30주년 기념 음반 Part 1,562
134,서울 서울 서울,조용필,'88 조용필 10집,"2,271"
135,바람의 노래,조용필,조용필 40주년 기념 콘서트 - The History 킬리만자로의 표범,"1,671"
136,강원도 아리랑,조용필,조용필 3집,679
137,고추잠자리,조용필,조용필 3집,"1,809"
138,HOT 비련,조용필,조용필 4집,"1,995"
139,HOT 한오백년,조용필,조용필 1집 (Remastered),"1,217"
140,HOT 물망초,조용필,조용필 3집,738
141,HOT 애상,조용필,조용필 16집,355
142,HOT 세월,조용필,조용필 2집,345
143,그래도 돼,조용필,20,"6,944"
144,기다리는 아픔,조용필,조용필 40주년 기념 콘서트 - The History 킬리만자로의 표범,747
145,추억 속의 재회,조용필,조용필 BEST 1집,926
146,꿈 (2024 Remastered Ver.),조용필,웰컴투 삼달리 X 조용필 (2024 Remastering),"1,088"
147,사랑은 아직도 끝나지 않았네,조용필,조용필 1집 (Remastered),751
148,못찾겠다 꾀꼬리,조용필,조용필 4집,"2,172"
149,잊혀진 사랑,조용필,조용필 1집 (Remastered),684
150,HOT 걷고 싶다,조용필,45TH ANNIVERSARY CONCERT HELLO,"1,540"
151,바람의 노래,조용필,조용필 16집,"26,576"
152,꿈,조용필,The Dreams,"16,275"
153,Bounce,조용필,Hello,"40,021"
154,HOT 잊혀진 사랑,조용필,30주년 기념 음반 Part 1,"2,414"
155,HOT 단발머리,조용필,조용필 1집 (Remastered),"11,088"
156,그 겨울의 찻집,조용필,조용필 40주년 기념 콘서트 - The History 킬리만자로의 표범,"6,180"
157,HOT 이젠 그랬으면 좋겠네,조용필,90-Vol.1 Sailng Sound,"20,837"
158,모나리자,조용필,'88 조용필 10집,"6,894"
159,기다리는 아픔,조용필,Ambition,"4,837"
160,HOT 창밖의 여자,조용필,조용필 1집 (Remastered),"3,579"
161,HOT 고추잠자리,조용필,30주년 기념음반 Part 2,"4,069"
162,그대 발길 머무는 곳에,조용필,사랑과 인생과 나,"3,408"
163,HOT 킬리만자로의 표범,조용필,조용필 8집 (Remastered),"7,841"
164,HOT 상처,조용필,30주년 기념 음반 Part 1,"1,730"
165,돌아와요 부산항에,조용필,조용필 1집 (Remastered),"2,656"
166,여행을 떠나요,조용필,조용필 7집,"10,336"
167,친구여,조용필,조용필 5집,"2,063"
168,이젠 그랬으면 좋겠네 (원곡가수 조용필),박정현,나는 가수다 명곡 Best 10,"14,022"
169,허공,조용필,조용필 8집 (Remastered),"3,550"
170,HOT 여행을 떠나요,조용필,30주년 기념음반 Part 3,327
171,그 겨울의 찻집,조용필,조용필 8집 (Remastered),"3,634"
172,바람이 전하는 말,조용필,조용필 8집 (Remastered),"1,365"
173,모나리자 (원곡가수 조용필),국카스텐,'나는 가수다 2' 2012 가왕전 7강전,"8,225"
174,들꽃,조용필,조용필 7집,668
175,걷고 싶다,조용필,Hello,"18,875"
176,Q,조용필,조용필 제10집 Part.Ⅱ,"2,902"
177,HOT 어제 오늘 그리고,조용필,30주년 기념음반 Part 2,"2,313"
178,기다리는 아픔,유상록,유상록의 Remake 조용필 Best 1,163
179,봄날은 간다,조용필,조용필 옛노래,681
180,HOT 일편단심 민들레야,조용필,30주년 기념음반 Part 2,"1,272"
181,타타타,권윤경,"짚시 로망스 카페노래 1, 2 (조용필 & 나훈아 힛트곡편)",36
182,내 이름은 구름이여,조용필,조용필,"1,079"
183,HOT 돌아와요 부산항에,조용필,30주년 기념 음반 Part 1,562
184,서울 서울 서울,조용필,'88 조용필 10집,"2,271"
185,바람의 노래,조용필,조용필 40주년 기념 콘서트 - The History 킬리만자로의 표범,"1,671"
186,강원도 아리랑,조용필,조용필 3집,679
187,고추잠자리,조용필,조용필 3집,"1,809"
188,HOT 비련,조용필,조용필 4집,"1,995"
189,HOT 한오백년,조용필,조용필 1집 (Remastered),"1,217"
190,HOT 물망초,조용필,조용필 3집,738
191,HOT 애상,조용필,조용필 16집,355
192,HOT 세월,조용필,조용필 2집,345
193,그래도 돼,조용필,20,"6,944"
194,기다리는 아픔,조용필,조용필 40주년 기념 콘서트 - The History 킬리만자로의 표범,747
195,추억 속의 재회,조용필,조용필 BEST 1집,926
196,꿈 (2024 Remastered Ver.),조용필,웰컴투 삼달리 X 조용필 (2024 Remastering),"1,088"
197,사랑은 아직도 끝나지 않았네,조용필,조용필 1집 (Remastered),751
198,못찾겠다 꾀꼬리,조용필,조용필 4집,"2,172"
199,잊혀진 사랑,조용필,조용필 1집 (Remastered),684
200,HOT 걷고 싶다,조용필,45TH ANNIVERSARY CONCERT HELLO,"1,540"
201,바람의 노래,조용필,조용필 16집,"26,576"
202,꿈,조용필,The Dreams,"16,275"
203,Bounce,조용필,Hello,"40,021"
204,HOT 잊혀진 사랑,조용필,30주년 기념 음반 Part 1,"2,414"
205,HOT 단발머리,조용필,조용필 1집 (Remastered),"11,088"
206,그 겨울의 찻집,조용필,조용필 40주년 기념 콘서트 - The History 킬리만자로의 표범,"6,180"
207,HOT 이젠 그랬으면 좋겠네,조용필,90-Vol.1 Sailng Sound,"20,837"
208,모나리자,조용필,'88 조용필 10집,"6,894"
209,기다리는 아픔,조용필,Ambition,"4,837"
210,HOT 창밖의 여자,조용필,조용필 1집 (Remastered),"3,579"
211,HOT 고추잠자리,조용필,30주년 기념음반 Part 2,"4,069"
212,그대 발길 머무는 곳에,조용필,사랑과 인생과 나,"3,408"
213,HOT 킬리만자로의 표범,조용필,조용필 8집 (Remastered),"7,841"
214,HOT 상처,조용필,30주년 기념 음반 Part 1,"1,730"
215,돌아와요 부산항에,조용필,조용필 1집 (Remastered),"2,656"
216,여행을 떠나요,조용필,조용필 7집,"10,336"
217,친구여,조용필,조용필 5집,"2,063"
218,이젠 그랬으면 좋겠네 (원곡가수 조용필),박정현,나는 가수다 명곡 Best 10,"14,022"
219,허공,조용필,조용필 8집 (Remastered),"3,550"
220,HOT 여행을 떠나요,조용필,30주년 기념음반 Part 3,327
221,그 겨울의 찻집,조용필,조용필 8집 (Remastered),"3,634"
222,바람이 전하는 말,조용필,조용필 8집 (Remastered),"1,365"
223,모나리자 (원곡가수 조용필),국카스텐,'나는 가수다 2' 2012 가왕전 7강전,"8,225"
224,들꽃,조용필,조용필 7집,668
225,걷고 싶다,조용필,Hello,"18,875"
226,Q,조용필,조용필 제10집 Part.Ⅱ,"2,902"
227,HOT 어제 오늘 그리고,조용필,30주년 기념음반 Part 2,"2,313"
228,기다리는 아픔,유상록,유상록의 Remake 조용필 Best 1,163
229,봄날은 간다,조용필,조용필 옛노래,681
230,HOT 일편단심 민들레야,조용필,30주년 기념음반 Part 2,"1,272"
231,타타타,권윤경,"짚시 로망스 카페노래 1, 2 (조용필 & 나훈아 힛트곡편)",36
232,내 이름은 구름이여,조용필,조용필,"1,079"
233,HOT 돌아와요 부산항에,조용필,30주년 기념 음반 Part 1,562
234,서울 서울 서울,조용필,'88 조용필 10집,"2,271"
235,바람의 노래,조용필,조용필 40주년 기념 콘서트 - The History 킬리만자로의 표범,"1,671"
236,강원도 아리랑,조용필,조용필 3집,679
237,고추잠자리,조용필,조용필 3집,"1,809"
238,HOT 비련,조용필,조용필 4집,"1,995"
239,HOT 한오백년,조용필,조용필 1집 (Remastered),"1,217"
240,HOT 물망초,조용필,조용필 3집,738
241,HOT 애상,조용필,조용필 16집,355
242,HOT 세월,조용필,조용필 2집,345
243,그래도 돼,조용필,20,"6,944"
244,기다리는 아픔,조용필,조용필 40주년 기념 콘서트 - The History 킬리만자로의 표범,747
245,추억 속의 재회,조용필,조용필 BEST 1집,926
246,꿈 (2024 Remastered Ver.),조용필,웰컴투 삼달리 X 조용필 (2024 Remastering),"1,088"
247,사랑은 아직도 끝나지 않았네,조용필,조용필 1집 (Remastered),751
248,못찾겠다 꾀꼬리,조용필,조용필 4집,"2,172"
249,잊혀진 사랑,조용필,조용필 1집 (Remastered),684
250,HOT 걷고 싶다,조용필,45TH ANNIVERSARY CONCERT HELLO,"1,540"
